entry_time,exit_time,entry_price,exit_price,type,position_size,profit_pct,raw_profit_pct,duration_hours
2024-01-10 18:35:00,2024-01-10 18:40:00,3791689.0,3791689.0,BUY,30000000.0,-0.27,0.0,0.08333333333333333
2024-01-10 18:40:00,2024-01-10 18:45:00,3791689.0,3791689.0,BUY,30000000.0,-0.2707309736287977,0.0,0.08333333333333333
2024-01-10 18:45:00,2024-01-10 18:50:00,3791689.0,3791689.0,BUY,30000000.0,-0.271465915946109,0.0,0.08333333333333333
2024-01-10 18:50:00,2024-01-10 18:55:00,3791689.0,3791689.0,BUY,30000000.0,-0.27220485936082267,0.0,0.08333333333333333
2024-01-10 18:55:00,2024-01-10 19:00:00,3791689.0,3791689.0,BUY,30000000.0,-0.2729478366356652,0.0,0.08333333333333333
2024-01-10 19:00:00,2024-01-10 19:05:00,3791689.0,3791689.0,BUY,30000000.0,-0.2736948808920426,0.0,0.08333333333333333
2024-01-10 19:05:00,2024-01-10 19:10:00,3791689.0,3791689.0,BUY,30000000.0,-0.2744460256149624,0.0,0.08333333333333333
2024-01-10 19:10:00,2024-01-10 19:15:00,3791689.0,3791689.0,BUY,30000000.0,-0.27520130465803694,0.0,0.08333333333333333
2024-01-10 19:15:00,2024-01-10 19:20:00,3791689.0,3791689.0,BUY,30000000.0,-0.2759607522485691,0.0,0.08333333333333333
2024-01-10 19:20:00,2024-01-10 19:25:00,3791689.0,3791689.0,BUY,30000000.0,-0.27672440299272316,0.0,0.08333333333333333
2024-01-10 19:25:00,2024-01-10 19:30:00,3791689.0,3791689.0,BUY,30000000.0,-0.2774922918807811,0.0,0.08333333333333333
2024-01-10 19:30:00,2024-01-10 19:35:00,3791689.0,3791689.0,BUY,30000000.0,-0.27826445429248686,0.0,0.08333333333333333
2024-01-10 19:35:00,2024-01-10 19:40:00,3791689.0,3791689.0,BUY,30000000.0,-0.27904092600248037,0.0,0.08333333333333333
2024-01-11 06:15:00,2024-01-16 08:45:00,3793805.5,3564850.0,SELL,30000000.0,18.483726456045076,6.034982552479298,122.5
2024-01-16 09:50:00,2024-01-16 09:55:00,3564269.0,3564269.0,BUY,30000000.0,-0.236168925096756,0.0,0.08333333333333333
2024-01-16 09:55:00,2024-01-16 10:00:00,3564269.0,3564269.0,BUY,30000000.0,-0.23672800307702602,0.0,0.08333333333333333
2024-01-16 10:00:00,2024-01-16 10:05:00,3564269.0,3564269.0,BUY,30000000.0,-0.23728973432660416,0.0,0.08333333333333333
2024-01-16 10:05:00,2024-01-16 10:10:00,3564269.0,3564269.0,BUY,30000000.0,-0.23785413777822292,0.0,0.08333333333333333
2024-01-16 10:10:00,2024-01-16 10:15:00,3564269.0,3564269.0,BUY,30000000.0,-0.23842123254517347,0.0,0.08333333333333333
2024-01-17 08:40:00,2024-01-17 09:25:00,3541859.0,3546092.0,BUY,30000000.0,0.07837182576855706,0.11951350971340191,0.75
2024-01-17 09:40:00,2024-01-17 09:45:00,3546092.0,3546092.0,BUY,30000000.0,-0.23880388296038088,0.0,0.08333333333333333
2024-01-17 09:45:00,2024-01-17 09:50:00,3546092.0,3546092.0,BUY,30000000.0,-0.23937552099938406,0.0,0.08333333333333333
2024-01-17 09:50:00,2024-01-17 10:05:00,3546092.0,3546074.214285714,BUY,30000000.0,-0.24128711160465469,-0.0005015581740663766,0.25
2024-01-17 10:40:00,2024-01-17 10:45:00,3545967.5,3545967.5,BUY,30000000.0,-0.24053027087134002,0.0,0.08333333333333333
2024-01-17 10:45:00,2024-01-17 10:50:00,3545967.5,3545967.5,BUY,30000000.0,-0.24111021392198506,0.0,0.08333333333333333
2024-01-17 10:50:00,2024-01-17 10:55:00,3545967.5,3545967.5,BUY,30000000.0,-0.2416929603356848,0.0,0.08333333333333333
2024-01-17 10:55:00,2024-01-17 11:00:00,3545967.5,3545967.5,BUY,30000000.0,-0.24227853048827971,0.0,0.08333333333333333
2024-01-17 11:00:00,2024-01-17 11:05:00,3545967.5,3545967.5,BUY,30000000.0,-0.242866944953555,0.0,0.08333333333333333
2024-01-19 05:35:00,2024-01-19 06:20:00,3419102.0,3419102.0,BUY,30000000.0,-0.24345822450565,0.0,0.75
2024-01-19 06:20:00,2024-01-19 06:25:00,3419102.0,3419102.0,BUY,30000000.0,-0.24405239012150345,0.0,0.08333333333333333
2024-01-19 06:25:00,2024-01-19 06:30:00,3419102.0,3419102.0,BUY,30000000.0,-0.2446494629833337,0.0,0.08333333333333333
2024-01-19 06:30:00,2024-01-19 06:35:00,3419102.0,3419102.0,BUY,30000000.0,-0.24524946448115634,0.0,0.08333333333333333
2024-01-19 06:35:00,2024-01-19 06:40:00,3419102.0,3419102.0,BUY,30000000.0,-0.2458524162153384,0.0,0.08333333333333333
2024-01-19 06:40:00,2024-01-19 06:45:00,3419102.0,3419102.0,BUY,30000000.0,-0.24645833999919065,0.0,0.08333333333333333
2024-01-23 11:55:00,2024-01-23 12:00:00,3235257.0,3235257.0,BUY,30000000.0,-0.24706725786159786,0.0,0.08333333333333333
2024-01-23 12:00:00,2024-01-23 12:05:00,3235257.0,3235257.0,BUY,30000000.0,-0.24767919204968877,0.0,0.08333333333333333
2024-01-23 12:05:00,2024-01-23 12:10:00,3235257.0,3235257.0,BUY,30000000.0,-0.24829416503154544,0.0,0.08333333333333333
2024-01-23 12:10:00,2024-01-23 12:15:00,3235257.0,3235257.0,BUY,30000000.0,-0.24891219949895305,0.0,0.08333333333333333
2024-01-23 12:15:00,2024-01-23 12:20:00,3235257.0,3235257.0,BUY,30000000.0,-0.24953331837019097,0.0,0.08333333333333333
2024-01-24 05:35:00,2024-01-24 06:20:00,3304064.0,3304064.0,SELL,30000000.0,-0.250157544792866,0.0,0.75
2024-01-24 06:20:00,2024-01-24 06:25:00,3304064.0,3304064.0,BUY,30000000.0,-0.25078490214678767,0.0,0.08333333333333333
2024-01-24 06:25:00,2024-01-24 06:30:00,3304064.0,3304064.0,BUY,30000000.0,-0.25141541404688705,0.0,0.08333333333333333
2024-01-24 06:30:00,2024-01-24 06:35:00,3304064.0,3304064.0,BUY,30000000.0,-0.25204910434618044,0.0,0.08333333333333333
2024-01-24 06:35:00,2024-01-24 06:40:00,3304064.0,3304064.0,BUY,30000000.0,-0.252685997138777,0.0,0.08333333333333333
2024-01-24 06:40:00,2024-01-24 06:45:00,3304064.0,3304064.0,BUY,30000000.0,-0.2533261167629323,0.0,0.08333333333333333
2024-01-24 11:30:00,2024-01-24 12:15:00,3339920.0,3332035.0,SELL,30000000.0,0.412230571324252,0.2360834990059642,0.75
2024-01-24 12:30:00,2024-01-24 12:35:00,3332035.0,3336932.0,BUY,30000000.0,0.16009494762305176,0.1469672437414373,0.08333333333333333
2024-01-24 12:35:00,2024-01-24 12:55:00,3336932.0,3323984.0,SELL,30000000.0,0.8361894690844307,0.38802109242861405,0.3333333333333333
2024-01-25 10:35:00,2024-01-25 10:40:00,3327511.5,3327511.5,BUY,30000000.0,-0.2504285132896381,0.0,0.08333333333333333
2024-01-25 10:40:00,2024-01-25 10:45:00,3327511.5,3327511.5,BUY,30000000.0,-0.2510572321837019,0.0,0.08333333333333333
2024-01-25 10:45:00,2024-01-25 10:50:00,3327511.5,3327511.5,BUY,30000000.0,-0.25168911591181775,0.0,0.08333333333333333
2024-01-25 10:50:00,2024-01-25 10:55:00,3327511.5,3327511.5,BUY,30000000.0,-0.25232418843091114,0.0,0.08333333333333333
2024-01-25 10:55:00,2024-01-25 11:00:00,3327511.5,3327511.5,BUY,30000000.0,-0.2529624739403158,0.0,0.08333333333333333
2024-01-26 18:55:00,2024-01-26 19:00:00,3497910.5,3497910.5,BUY,30000000.0,-0.25360399688484725,0.0,0.08333333333333333
2024-01-26 19:00:00,2024-01-26 19:05:00,3497910.5,3497910.5,BUY,30000000.0,-0.25424878195792355,0.0,0.08333333333333333
2024-01-26 19:05:00,2024-01-26 19:10:00,3497910.5,3497910.5,BUY,30000000.0,-0.25489685410473395,0.0,0.08333333333333333
2024-01-26 19:10:00,2024-01-26 19:15:00,3497910.5,3497910.5,BUY,30000000.0,-0.25554823852545533,0.0,0.08333333333333333
2024-01-26 19:15:00,2024-01-26 19:20:00,3497910.5,3497910.5,BUY,30000000.0,-0.2562029606785194,0.0,0.08333333333333333
2024-01-29 05:20:00,2024-01-29 06:05:00,3503554.5,3503554.5,SELL,30000000.0,-0.25686104628392864,0.0,0.75
2024-01-29 06:05:00,2024-01-29 06:30:00,3503554.5,3503471.5,BUY,30000000.0,-0.26430115119780606,-0.00236902265970174,0.4166666666666667
2024-01-29 06:55:00,2024-01-29 07:00:00,3502973.5,3502973.5,BUY,30000000.0,-0.25820496000837695,0.0,0.08333333333333333
2024-01-29 07:00:00,2024-01-29 07:05:00,3502973.5,3502973.5,BUY,30000000.0,-0.25887338392581494,0.0,0.08333333333333333
2024-01-29 07:05:00,2024-01-29 07:10:00,3502973.5,3502973.5,BUY,30000000.0,-0.25954527756867657,0.0,0.08333333333333333
2024-01-29 07:10:00,2024-01-29 07:15:00,3502973.5,3502973.5,BUY,30000000.0,-0.26022066802379,0.0,0.08333333333333333
2024-01-29 07:15:00,2024-01-29 07:20:00,3502973.5,3502973.5,BUY,30000000.0,-0.2608995826606608,0.0,0.08333333333333333
2024-01-29 07:45:00,2024-01-29 07:50:00,3493221.0,3490796.214285714,BUY,30000000.0,-0.4633316715090302,-0.06941403690994397,0.08333333333333333
2024-01-29 07:50:00,2024-01-29 08:30:00,3486000.0,3490150.0,BUY,30000000.0,0.08481894540387366,0.11904761904761905,0.6666666666666666
2024-01-29 09:20:00,2024-01-29 09:25:00,3491478.0,3491478.0,BUY,30000000.0,-0.2625769682851536,0.0,0.08333333333333333
2024-01-29 09:25:00,2024-01-29 09:30:00,3491478.0,3491478.0,BUY,30000000.0,-0.26326825007465693,0.0,0.08333333333333333
2024-01-29 09:30:00,2024-01-29 09:35:00,3491478.0,3491478.0,BUY,30000000.0,-0.26396318132296737,0.0,0.08333333333333333
2024-01-29 09:35:00,2024-01-29 09:40:00,3491478.0,3491478.0,BUY,30000000.0,-0.2646617910062538,0.0,0.08333333333333333
2024-01-29 09:40:00,2024-01-29 09:45:00,3491478.0,3491478.0,BUY,30000000.0,-0.26536410840825486,0.0,0.08333333333333333
2024-01-29 12:00:00,2024-01-29 12:05:00,3507912.0,3511469.1428571427,SELL,30000000.0,-0.5658526675684995,-0.10140342337956951,0.08333333333333333
2024-01-29 12:05:00,2024-01-29 12:50:00,3516378.0,3516378.0,SELL,30000000.0,-0.2675842960012879,0.0,0.75
2024-01-29 12:50:00,2024-01-29 12:55:00,3516378.0,3516378.0,BUY,30000000.0,-0.2683022306362917,0.0,0.08333333333333333
2024-01-29 12:55:00,2024-01-29 13:00:00,3516378.0,3516378.0,BUY,30000000.0,-0.26902402810464415,0.0,0.08333333333333333
2024-01-29 13:00:00,2024-01-29 13:05:00,3516378.0,3516378.0,BUY,30000000.0,-0.26974971966629135,0.0,0.08333333333333333
2024-01-29 13:05:00,2024-01-29 13:10:00,3516378.0,3516378.0,BUY,30000000.0,-0.27047933691938664,0.0,0.08333333333333333
2024-01-29 13:10:00,2024-01-29 13:15:00,3516378.0,3516378.0,BUY,30000000.0,-0.2712129118048762,0.0,0.08333333333333333
2024-01-30 15:00:00,2024-01-30 15:45:00,3603735.5,3603735.5,SELL,30000000.0,-0.2719504766111606,0.0,0.75
2024-01-30 15:45:00,2024-01-30 15:50:00,3603735.5,3603735.5,BUY,30000000.0,-0.27269206397883183,0.0,0.08333333333333333
2024-01-30 15:50:00,2024-01-30 15:55:00,3603735.5,3603735.5,BUY,30000000.0,-0.2734377069054888,0.0,0.08333333333333333
2024-01-30 15:55:00,2024-01-30 16:00:00,3603735.5,3603735.5,BUY,30000000.0,-0.27418743875063145,0.0,0.08333333333333333
2024-01-30 16:00:00,2024-01-30 16:05:00,3603735.5,3603735.5,BUY,30000000.0,-0.2749412932406358,0.0,0.08333333333333333
2024-01-30 16:05:00,2024-01-30 16:10:00,3603735.5,3603735.5,BUY,30000000.0,-0.2756993044738115,0.0,0.08333333333333333
2024-01-31 07:50:00,2024-01-31 08:35:00,3572320.0,3572320.0,BUY,30000000.0,-0.27646150692554305,0.0,0.75
2024-01-31 08:35:00,2024-01-31 08:40:00,3572320.0,3572320.0,BUY,30000000.0,-0.2772279354535165,0.0,0.08333333333333333
2024-01-31 08:40:00,2024-01-31 08:45:00,3572320.0,3572320.0,BUY,30000000.0,-0.2779986253030332,0.0,0.08333333333333333
2024-01-31 08:45:00,2024-01-31 08:50:00,3572320.0,3572320.0,BUY,30000000.0,-0.2787736121124133,0.0,0.08333333333333333
2024-01-31 08:50:00,2024-01-31 08:55:00,3572320.0,3572320.0,BUY,30000000.0,-0.2795529319184887,0.0,0.08333333333333333
2024-01-31 08:55:00,2024-01-31 09:00:00,3572320.0,3572320.0,BUY,30000000.0,-0.28033662116218877,0.0,0.08333333333333333
2024-01-31 10:25:00,2024-01-31 10:45:00,3550532.5,3547420.0,BUY,30000000.0,-0.5549492707766059,-0.08766290690199287,0.3333333333333333
2024-01-31 11:40:00,2024-01-31 11:45:00,3524636.5,3524636.5,BUY,30000000.0,-0.28269352233495165,0.0,0.08333333333333333
2024-01-31 11:45:00,2024-01-31 11:50:00,3524636.5,3538207.0,BUY,30000000.0,0.929291471281855,0.3850184267228691,0.08333333333333333
2024-01-31 11:50:00,2024-01-31 13:00:00,3538207.0,3538497.5,SELL,30000000.0,-0.30650879847442336,-0.008210373220108376,1.1666666666666667
2024-01-31 13:00:00,2024-01-31 13:05:00,3538497.5,3538497.5,BUY,30000000.0,-0.2817482898540835,0.0,0.08333333333333333
2024-01-31 13:05:00,2024-01-31 13:10:00,3538497.5,3538497.5,BUY,30000000.0,-0.2825443537388219,0.0,0.08333333333333333
2024-01-31 13:10:00,2024-01-31 13:15:00,3538497.5,3538497.5,BUY,30000000.0,-0.28334492883685575,0.0,0.08333333333333333
2024-01-31 13:15:00,2024-01-31 13:20:00,3538497.5,3538497.5,BUY,30000000.0,-0.28415005360402995,0.0,0.08333333333333333
2024-01-31 13:20:00,2024-01-31 13:25:00,3538497.5,3538497.5,BUY,30000000.0,-0.28495976693452435,0.0,0.08333333333333333
2024-02-01 09:30:00,2024-02-01 10:15:00,3504260.0,3504260.0,BUY,30000000.0,-0.28577410816711657,0.0,0.75
2024-02-01 10:15:00,2024-02-01 10:20:00,3504260.0,3504260.0,BUY,30000000.0,-0.2865931170915533,0.0,0.08333333333333333
2024-02-01 10:20:00,2024-02-01 10:25:00,3504260.0,3504260.0,BUY,30000000.0,-0.28741683395503087,0.0,0.08333333333333333
2024-02-01 10:25:00,2024-02-01 10:30:00,3504260.0,3504260.0,BUY,30000000.0,-0.28824529946878824,0.0,0.08333333333333333
2024-02-01 10:30:00,2024-02-01 10:35:00,3504260.0,3504260.0,BUY,30000000.0,-0.28907855481481426,0.0,0.08333333333333333
2024-02-01 10:35:00,2024-02-01 10:40:00,3504260.0,3504260.0,BUY,30000000.0,-0.28991664165267145,0.0,0.08333333333333333
2024-02-01 14:10:00,2024-02-01 14:15:00,3508244.0,3510479.0714285714,SELL,30000000.0,-0.49658225531310485,-0.06370912138868795,0.08333333333333333
2024-02-01 14:15:00,2024-02-01 14:35:00,3517830.5,3520616.9285714286,SELL,30000000.0,-0.5493843742546397,-0.07920872172290956,0.3333333333333333
2024-02-01 17:00:00,2024-02-01 17:05:00,3534306.0,3534306.0,BUY,30000000.0,-0.2938248965232828,0.0,0.08333333333333333
2024-02-01 17:05:00,2024-02-01 17:10:00,3534306.0,3534306.0,BUY,30000000.0,-0.294690771377346,0.0,0.08333333333333333
2024-02-01 17:10:00,2024-02-01 17:15:00,3534306.0,3534306.0,BUY,30000000.0,-0.2955617646214053,0.0,0.08333333333333333
2024-02-02 05:35:00,2024-02-02 05:45:00,3569954.5,3575432.5,SELL,30000000.0,-0.8018557967631126,-0.1534473338525743,0.16666666666666666
2024-02-02 08:10:00,2024-02-02 08:45:00,3571365.5,3568472.3571428573,BUY,30000000.0,-0.5678161804992721,-0.08100943062654115,0.5833333333333334
2024-02-02 15:10:00,2024-02-02 15:40:00,3575266.5,3579019.285714286,SELL,30000000.0,-0.6510552267544598,-0.10496520229431607,0.5
2024-02-09 14:20:00,2024-02-09 14:30:00,3886392.0,3929954.55,BUY,30000000.0,3.465084355840801,1.1208995386980989,0.16666666666666666
2024-02-12 17:15:00,2024-02-12 17:30:00,4152697.5,4161002.895,SELL,30000000.0,-0.9421100750247378,-0.20000000000000043,0.25
2024-02-13 14:20:00,2024-02-13 14:25:00,4040813.5,4096535.55,BUY,30000000.0,4.227280730928485,1.3789809898427585,0.08333333333333333
2024-02-14 08:55:00,2024-02-14 09:05:00,4213827.0,4222254.654,SELL,30000000.0,-0.9124964179821591,-0.20000000000000231,0.16666666666666666
2024-02-14 10:20:00,2024-02-14 10:30:00,4257775.5,4277529.5,BUY,30000000.0,1.1874879200335238,0.4639511876565592,0.16666666666666666
2024-02-15 15:30:00,2024-02-15 15:35:00,4293382.5,4342273.65,BUY,30000000.0,3.2912579397503277,1.1387559808612526,0.08333333333333333
2024-02-17 10:20:00,2024-02-17 10:35:00,4277861.5,4292013.0,BUY,30000000.0,0.7316350001306032,0.3308078113328354,0.25
2024-02-17 13:30:00,2024-02-17 14:15:00,4247898.5,4257070.0,BUY,30000000.0,0.3797581177983511,0.2159067595423949,0.75
2024-02-17 14:35:00,2024-02-17 14:40:00,4221670.5,4213227.159,BUY,30000000.0,-0.871384584445631,-0.20000000000000034,0.08333333333333333
2024-02-19 18:35:00,2024-02-19 19:30:00,4323470.0,4322432.5,BUY,30000000.0,-0.345546090801735,-0.023996928393165674,0.9166666666666666
2024-02-19 19:30:00,2024-02-19 19:35:00,4322432.5,4322432.5,BUY,30000000.0,-0.2737528380873284,0.0,0.08333333333333333
2024-02-19 19:35:00,2024-02-19 19:40:00,4322432.5,4322432.5,BUY,30000000.0,-0.2745043014030912,0.0,0.08333333333333333
2024-02-19 19:40:00,2024-02-19 19:45:00,4322432.5,4322432.5,BUY,30000000.0,-0.2752599016732221,0.0,0.08333333333333333
2024-02-19 19:45:00,2024-02-19 19:50:00,4322432.5,4322432.5,BUY,30000000.0,-0.276019673154145,0.0,0.08333333333333333
2024-02-19 19:50:00,2024-02-19 19:55:00,4322432.5,4322432.5,BUY,30000000.0,-0.27678365048154824,0.0,0.08333333333333333
2024-02-20 10:05:00,2024-02-20 10:50:00,4308696.0,4308696.0,BUY,30000000.0,-0.27755186867564846,0.0,0.75
2024-02-20 10:50:00,2024-02-20 10:55:00,4308696.0,4308696.0,BUY,30000000.0,-0.2783243631465413,0.0,0.08333333333333333
2024-02-20 10:55:00,2024-02-20 11:00:00,4308696.0,4308696.0,BUY,30000000.0,-0.2791011696996424,0.0,0.08333333333333333
2024-02-20 11:00:00,2024-02-20 11:05:00,4308696.0,4308696.0,BUY,30000000.0,-0.2798823245412195,0.0,0.08333333333333333
2024-02-20 11:05:00,2024-02-20 11:10:00,4308696.0,4308696.0,BUY,30000000.0,-0.28066786428401774,0.0,0.08333333333333333
2024-02-20 11:10:00,2024-02-20 11:15:00,4308696.0,4308696.0,BUY,30000000.0,-0.2814578259529802,0.0,0.08333333333333333
2024-02-20 14:15:00,2024-02-20 15:00:00,4338451.5,4338451.5,SELL,30000000.0,-0.2822522469910647,0.0,0.75
2024-02-20 15:00:00,2024-02-20 15:05:00,4338451.5,4338451.5,BUY,30000000.0,-0.28305116526516,0.0,0.08333333333333333
2024-02-20 15:05:00,2024-02-20 15:10:00,4338451.5,4338451.5,BUY,30000000.0,-0.2838546190721026,0.0,0.08333333333333333
2024-02-20 15:10:00,2024-02-20 15:15:00,4338451.5,4338451.5,BUY,30000000.0,-0.284662647144796,0.0,0.08333333333333333
2024-02-20 15:15:00,2024-02-20 15:20:00,4338451.5,4338451.5,BUY,30000000.0,-0.28547528865843536,0.0,0.08333333333333333
2024-02-20 15:20:00,2024-02-20 15:25:00,4338451.5,4338451.5,BUY,30000000.0,-0.28629258323683837,0.0,0.08333333333333333
2024-02-20 19:10:00,2024-02-20 19:55:00,4271844.0,4271844.0,BUY,30000000.0,-0.287114570958886,0.0,0.75
2024-02-20 19:55:00,2024-02-20 20:00:00,4271844.0,4271844.0,BUY,30000000.0,-0.28794129236507343,0.0,0.08333333333333333
2024-02-20 20:00:00,2024-02-20 20:05:00,4271844.0,4271844.0,BUY,30000000.0,-0.2887727884641758,0.0,0.08333333333333333
2024-02-20 20:05:00,2024-02-20 20:10:00,4271844.0,4271844.0,BUY,30000000.0,-0.2896091007400288,0.0,0.08333333333333333
2024-02-20 20:10:00,2024-02-20 20:15:00,4271844.0,4271844.0,BUY,30000000.0,-0.29045027115842775,0.0,0.08333333333333333
2024-02-20 20:15:00,2024-02-20 20:20:00,4271844.0,4271844.0,BUY,30000000.0,-0.29129634217414707,0.0,0.08333333333333333
2024-02-21 04:50:00,2024-02-21 05:35:00,4313676.0,4313676.0,SELL,30000000.0,-0.29214735673808356,0.0,0.75
2024-02-21 05:35:00,2024-02-21 05:40:00,4313676.0,4313676.0,BUY,30000000.0,-0.29300335830452406,0.0,0.08333333333333333
2024-02-21 05:40:00,2024-02-21 05:45:00,4313676.0,4313676.0,BUY,30000000.0,-0.29386439083854216,0.0,0.08333333333333333
2024-02-21 05:45:00,2024-02-21 05:50:00,4313676.0,4313676.0,BUY,30000000.0,-0.2947304988235253,0.0,0.08333333333333333
2024-02-21 05:50:00,2024-02-21 05:55:00,4313676.0,4313676.0,BUY,30000000.0,-0.2956017272688357,0.0,0.08333333333333333
2024-02-21 05:55:00,2024-02-21 06:00:00,4313676.0,4313676.0,BUY,30000000.0,-0.2964781217176071,0.0,0.08333333333333333
2024-02-21 06:55:00,2024-02-21 07:40:00,4295001.0,4295001.0,BUY,30000000.0,-0.2973597282546812,0.0,0.75
2024-02-21 07:40:00,2024-02-21 07:45:00,4295001.0,4295001.0,BUY,30000000.0,-0.29824659351468535,0.0,0.08333333333333333
2024-02-21 07:45:00,2024-02-21 07:50:00,4295001.0,4295001.0,BUY,30000000.0,-0.2991387646902559,0.0,0.08333333333333333
2024-02-21 07:50:00,2024-02-21 07:55:00,4295001.0,4295001.0,BUY,30000000.0,-0.30003628954040956,0.0,0.08333333333333333
2024-02-21 07:55:00,2024-02-21 08:00:00,4295001.0,4295001.0,BUY,30000000.0,-0.3009392163990653,0.0,0.08333333333333333
2024-02-21 08:00:00,2024-02-21 08:05:00,4295001.0,4295001.0,BUY,30000000.0,-0.30184759418372126,0.0,0.08333333333333333
2024-02-21 08:50:00,2024-02-21 08:55:00,4288859.0,4287021.142857143,BUY,30000000.0,-0.4469159315740194,-0.04285189004481789,0.08333333333333333
2024-02-21 08:55:00,2024-02-21 09:05:00,4286452.0,4288029.0,BUY,30000000.0,-0.17980175019604688,0.03679033382387112,0.16666666666666666
2024-02-21 09:05:00,2024-02-21 09:15:00,4276409.0,4271885.5,BUY,30000000.0,-0.6627486391650115,-0.10577800205733362,0.16666666666666666
2024-02-21 10:05:00,2024-02-21 10:15:00,4224202.0,4250181.0,BUY,30000000.0,1.7891024282228056,0.615003733249499,0.16666666666666666
2024-02-24 18:50:00,2024-02-24 19:15:00,4272425.0,4278816.0,BUY,30000000.0,0.1994914782754815,0.149587178241865,0.4166666666666667
2024-02-26 15:15:00,2024-02-26 15:25:00,4335671.0,4344342.342,SELL,30000000.0,-0.968955894794455,-0.20000000000000412,0.16666666666666666
2024-02-26 16:05:00,2024-02-26 16:20:00,4436018.0,4396410.4,SELL,30000000.0,2.7087975226357903,0.8928638251693214,0.25
2024-02-26 20:05:00,2024-02-26 20:10:00,4555953.0,4523487.55,SELL,30000000.0,2.045182060268466,0.7125940500264201,0.08333333333333333
2024-02-27 02:05:00,2024-02-27 02:10:00,4719795.0,4612712.55,SELL,30000000.0,7.013757994772424,2.268794513321027,0.08333333333333333
2024-02-28 07:50:00,2024-02-28 08:00:00,4842552.0,4852237.104,SELL,30000000.0,-0.8723542601289438,-0.20000000000000587,0.16666666666666666
2024-02-28 08:50:00,2024-02-28 08:55:00,4921319.0,4931161.638,SELL,30000000.0,-0.8800312502307969,-0.20000000000000548,0.08333333333333333
2024-02-28 18:20:00,2024-02-28 18:25:00,4968546.0,5054982.2,BUY,30000000.0,5.050512665632707,1.7396679028432098,0.08333333333333333
2024-03-01 15:45:00,2024-03-01 16:25:00,5092506.5,5111970.0,BUY,30000000.0,0.8515677953098483,0.382198824881225,0.6666666666666666
2024-03-04 14:35:00,2024-03-04 14:40:00,5475593.0,5486544.186,SELL,30000000.0,-0.8380233271671993,-0.1999999999999955,0.08333333333333333
2024-03-05 16:10:00,2024-03-05 16:15:00,5436168.0,5425295.664,BUY,30000000.0,-0.8451055084673503,-0.20000000000000234,0.08333333333333333
2024-03-05 17:05:00,2024-03-05 17:20:00,5324906.5,5386969.75,BUY,30000000.0,3.160969461518573,1.1655275073844018,0.25
2024-03-08 15:25:00,2024-03-08 15:30:00,5789374.5,5695045.0,SELL,30000000.0,4.385532467531912,1.6293556410973242,0.08333333333333333
2024-03-08 17:15:00,2024-03-08 17:25:00,5633459.0,5644725.918,SELL,30000000.0,-0.7914820137382175,-0.19999999999999285,0.16666666666666666
2024-03-10 01:10:00,2024-03-10 01:40:00,5729905.0,5709736.0,SELL,30000000.0,0.7207550563554395,0.35199536467009485,0.5
2024-03-10 04:10:00,2024-03-10 04:55:00,5773231.0,5767545.5,SELL,30000000.0,0.023162774750432078,0.0984803829952413,0.75
2024-03-12 15:00:00,2024-03-12 15:10:00,5935703.5,5973012.0,BUY,30000000.0,1.4706035652804235,0.6285438617343336,0.16666666666666666
2024-03-13 13:35:00,2024-03-13 13:50:00,6006834.5,5994820.831,BUY,30000000.0,-0.7804270045662254,-0.19999999999999601,0.25
2024-03-15 20:05:00,2024-03-15 20:15:00,5619100.0,5712093.2,BUY,30000000.0,4.244601586352421,1.6549483013293977,0.16666666666666666
2024-03-16 11:15:00,2024-03-16 11:25:00,5662841.0,5651515.318,BUY,30000000.0,-0.754538424772444,-0.2000000000000005,0.16666666666666666
2024-03-17 07:45:00,2024-03-17 08:15:00,5451938.0,5426083.5,SELL,30000000.0,1.0073010840760366,0.47422586243644005,0.5
2024-03-20 17:15:00,2024-03-20 17:25:00,5357069.0,5271537.5,SELL,30000000.0,3.910396445740428,1.5966100119300313,0.16666666666666666
2024-03-27 15:55:00,2024-03-27 16:00:00,5718783.0,5747625.5,BUY,30000000.0,1.0349632881997388,0.504346816446786,0.08333333333333333
2024-04-01 05:50:00,2024-04-01 06:30:00,5749078.0,5767089.0,BUY,30000000.0,0.5520123989663226,0.3132850171801461,0.6666666666666666
2024-04-01 14:35:00,2024-04-01 14:50:00,5737250.5,5725775.999,BUY,30000000.0,-0.713011413236174,-0.20000000000000287,0.25
2024-04-02 02:35:00,2024-04-02 02:45:00,5517425.0,5668049.25,BUY,30000000.0,6.53741027597937,2.729973674313652,0.16666666666666666
2024-04-06 23:05:00,2024-04-06 23:30:00,5774932.5,5734843.5,SELL,30000000.0,1.4043569040607848,0.6941899320901154,0.4166666666666667
2024-04-09 08:05:00,2024-04-09 08:30:00,5793400.0,5824276.0,BUY,30000000.0,1.0153209901082314,0.5329512893982807,0.4166666666666667
2024-04-10 12:35:00,2024-04-10 12:40:00,5612875.0,5701091.55,BUY,30000000.0,3.362135185894549,1.5716820702402923,0.08333333333333333
2024-04-11 13:35:00,2024-04-11 13:40:00,5834526.5,5822857.447,BUY,30000000.0,-0.6366440315324632,-0.20000000000000526,0.08333333333333333
2024-04-11 13:40:00,2024-04-11 13:55:00,5796554.0,5846378.9,BUY,30000000.0,1.7002598616823985,0.8595606976144856,0.25
2024-04-12 13:45:00,2024-04-12 14:00:00,5781863.0,5815851.5,BUY,30000000.0,1.0815488280959198,0.5878468583568999,0.25
2024-04-12 18:30:00,2024-04-12 18:35:00,5527509.5,5516454.481,BUY,30000000.0,-0.6232703543324208,-0.2000000000000058,0.08333333333333333
2024-04-12 18:35:00,2024-04-12 18:40:00,5484059.0,5607413.6,BUY,30000000.0,4.669956636654714,2.2493302861985915,0.08333333333333333
2024-04-13 19:50:00,2024-04-13 20:00:00,5375412.0,5364661.176,BUY,30000000.0,-0.5991971312625669,-0.2000000000000004,0.16666666666666666
2024-04-13 20:05:00,2024-04-13 20:10:00,5112343.5,5412961.2,BUY,30000000.0,12.035880342454128,5.880232812994671,0.08333333333333333
2024-04-13 21:55:00,2024-04-13 22:00:00,5223688.0,5168999.3,SELL,30000000.0,1.775447587908457,1.0469365704843052,0.08333333333333333
2024-04-13 22:40:00,2024-04-13 22:45:00,5360389.0,5244180.7,SELL,30000000.0,3.787982733622143,2.167907963395937,0.08333333333333333
2024-04-17 14:15:00,2024-04-17 14:20:00,5106575.0,5096361.85,BUY,30000000.0,-0.5093691170671681,-0.20000000000000728,0.08333333333333333
2024-04-19 02:25:00,2024-04-19 02:30:00,4952900.5,5032983.05,BUY,30000000.0,2.695615001670714,1.6168818654846755,0.08333333333333333
2024-04-24 14:20:00,2024-04-24 14:25:00,5468040.0,5457103.92,BUY,30000000.0,-0.4985382965267367,-0.20000000000000134,0.08333333333333333
2024-04-24 14:25:00,2024-04-24 14:30:00,5434757.0,5423887.486,BUY,30000000.0,-0.5010361536320482,-0.20000000000000795,0.08333333333333333
2024-04-24 14:30:00,2024-04-24 14:40:00,5403881.0,5393073.238,BUY,30000000.0,-0.5035591671142086,-0.2000000000000019,0.16666666666666666
2024-04-26 15:20:00,2024-04-26 16:00:00,5269379.5,5284236.5,BUY,30000000.0,0.33499044059708255,0.28194970584297446,0.6666666666666666
2024-04-29 14:20:00,2024-04-29 14:25:00,5194555.0,5204944.11,SELL,30000000.0,-0.504417966958388,-0.20000000000000648,0.08333333333333333
2024-04-29 14:25:00,2024-04-29 14:30:00,5215512.5,5225943.525,SELL,30000000.0,-0.5069752411628453,-0.20000000000000717,0.08333333333333333
2024-04-30 08:30:00,2024-04-30 08:45:00,5172809.0,5162463.382,BUY,30000000.0,-0.5095585769873732,-0.19999999999999585,0.25
2024-05-01 18:50:00,2024-05-01 18:55:00,4937545.5,4847610.85,SELL,30000000.0,3.057900365320883,1.8214444808660573,0.08333333333333333
2024-05-01 19:30:00,2024-05-01 19:40:00,4751044.5,4831890.65,BUY,30000000.0,2.7618762150757545,1.7016500266415178,0.16666666666666666
2024-05-03 12:30:00,2024-05-03 12:40:00,4991039.0,5001021.078,SELL,30000000.0,-0.4836146442706265,-0.19999999999999493,0.16666666666666666
2024-05-04 11:50:00,2024-05-04 12:25:00,5296520.5,5308970.5,BUY,30000000.0,0.2430829307542306,0.23505997947142845,0.5833333333333334
2024-05-06 08:25:00,2024-05-06 08:55:00,5427992.5,5409110.0,SELL,30000000.0,0.4310798060246369,0.34787262510034783,0.5
2024-05-10 14:15:00,2024-05-10 14:25:00,5176004.5,5165652.491,BUY,30000000.0,-0.48270556219905086,-0.1999999999999925,0.16666666666666666
2024-05-12 16:15:00,2024-05-12 16:45:00,5126619.5,5112717.0,SELL,30000000.0,0.30304158583932655,0.27118259898164865,0.5
2024-05-12 16:55:00,2024-05-12 17:35:00,5091552.0,5102632.5,BUY,30000000.0,0.21281785564129038,0.21762519561815338,0.6666666666666666
2024-05-13 07:50:00,2024-05-13 08:00:00,5172352.5,5182697.205,SELL,30000000.0,-0.4825544955678832,-0.20000000000000143,0.16666666666666666
2024-05-14 06:15:00,2024-05-14 06:35:00,5113090.5,5153660.9,BUY,30000000.0,1.176222348585444,0.7934614104718148,0.3333333333333333
2024-05-14 14:15:00,2024-05-14 14:20:00,5078396.5,5137036.0,BUY,30000000.0,1.7595109074872006,1.1546853421153704,0.08333333333333333
2024-05-15 12:30:00,2024-05-15 13:20:00,5292910.0,5303495.82,SELL,30000000.0,-0.4709704676100445,-0.20000000000000565,0.8333333333333334
2024-05-15 13:25:00,2024-05-15 13:35:00,5338103.5,5348779.707,SELL,30000000.0,-0.47319909560333717,-0.20000000000000756,0.16666666666666666
2024-05-20 19:30:00,2024-05-20 19:55:00,5799583.5,5811182.667,SELL,30000000.0,-0.4754489155718771,-0.20000000000000628,0.4166666666666667
2024-05-23 12:55:00,2024-05-23 13:15:00,5764640.5,5753111.219,BUY,30000000.0,-0.4777202312307329,-0.20000000000000737,0.3333333333333333
2024-05-23 13:45:00,2024-05-23 14:00:00,5657446.0,5646131.108,BUY,30000000.0,-0.4800133521264374,-0.19999999999999987,0.25
2024-05-25 11:50:00,2024-05-25 12:00:00,5747252.0,5735757.496,BUY,30000000.0,-0.4823285937776862,-0.19999999999999518,0.16666666666666666
2024-05-26 15:45:00,2024-05-26 16:35:00,5708449.5,5715836.5,BUY,30000000.0,0.06585556110480792,0.12940466583789523,0.8333333333333334
2024-05-28 04:30:00,2024-05-28 04:55:00,5603288.5,5628437.5,BUY,30000000.0,0.5992974896137487,0.4488257208244766,0.4166666666666667
2024-05-29 14:25:00,2024-05-29 15:20:00,5616693.0,5630056.0,BUY,30000000.0,0.2455718075601691,0.23791579849566283,0.9166666666666666
2024-05-31 16:05:00,2024-05-31 16:30:00,5549255.5,5568470.0,BUY,30000000.0,0.4243935901476382,0.3462536551074284,0.4166666666666667
2024-06-02 11:25:00,2024-06-02 11:45:00,5615116.0,5624163.0,SELL,30000000.0,-0.4141317475860391,-0.16111866611482292,0.3333333333333333
2024-06-02 11:45:00,2024-06-02 11:50:00,5649893.0,5661192.786,SELL,30000000.0,-0.48024163945874454,-0.20000000000000556,0.08333333333333333
2024-06-02 11:50:00,2024-06-02 12:15:00,5668983.0,5641800.5,SELL,30000000.0,0.6481187491104273,0.47949517576609424,0.4166666666666667
2024-06-03 15:55:00,2024-06-03 16:20:00,5780286.0,5750157.0,SELL,30000000.0,0.7129565156151151,0.5212371844576549,0.4166666666666667
2024-06-04 15:15:00,2024-06-04 15:50:00,5817760.5,5829396.021,SELL,30000000.0,-0.4760575893530553,-0.19999999999999515,0.5833333333333334
2024-06-06 13:40:00,2024-06-06 13:55:00,5936616.5,5903914.5,SELL,30000000.0,0.7601439884723852,0.5508524931667728,0.25
2024-06-09 12:45:00,2024-06-09 13:15:00,5782568.5,5772650.0,SELL,30000000.0,0.13345390575706303,0.17152412461694141,0.5
2024-06-09 13:30:00,2024-06-09 14:00:00,5754846.5,5768500.0,BUY,30000000.0,0.24072862968051698,0.23725220125332624,0.5
2024-06-11 01:55:00,2024-06-11 02:10:00,5706665.0,5695251.67,BUY,30000000.0,-0.47295490192547907,-0.20000000000000132,0.25
2024-06-12 12:30:00,2024-06-12 13:00:00,5753850.5,5765358.201,SELL,30000000.0,-0.4752023949464534,-0.20000000000000606,0.5
2024-06-12 19:45:00,2024-06-12 20:20:00,5605197.5,5632255.5,BUY,30000000.0,0.6466123443176082,0.48273053714878017,0.5833333333333334
2024-06-13 15:15:00,2024-06-13 15:35:00,5567142.0,5556007.716,BUY,30000000.0,-0.47440379672641253,-0.19999999999999973,0.3333333333333333
2024-06-14 16:05:00,2024-06-14 16:25:00,5457831.0,5446915.338,BUY,30000000.0,-0.47666511412548085,-0.19999999999999168,0.3333333333333333
2024-06-17 01:15:00,2024-06-17 01:45:00,5506220.0,5518047.5,BUY,30000000.0,0.20611701671915872,0.21480253240880312,0.5
2024-06-18 01:40:00,2024-06-18 01:50:00,5367236.5,5425402.9,BUY,30000000.0,1.637815615396189,1.083730892052183,0.16666666666666666
2024-06-20 13:15:00,2024-06-20 13:25:00,5443804.0,5432916.392,BUY,30000000.0,-0.47026092283866827,-0.20000000000000012,0.16666666666666666
2024-06-23 11:00:00,2024-06-23 11:20:00,5334825.0,5336200.428571428,BUY,30000000.0,-0.10462712660119261,0.025782074790235334,0.3333333333333333
2024-06-23 16:50:00,2024-06-23 17:10:00,5313784.5,5318515.5,BUY,30000000.0,-0.0015778036365382494,0.08903259061409058,0.3333333333333333
2024-06-24 09:30:00,2024-06-24 09:35:00,5083169.0,5073002.662,BUY,30000000.0,-0.4729851506726772,-0.20000000000000895,0.08333333333333333
2024-06-25 14:25:00,2024-06-25 14:50:00,5151851.5,5116327.5,SELL,30000000.0,0.9824842869887548,0.6895385086313144,0.4166666666666667
2024-06-27 14:00:00,2024-06-27 14:10:00,5161728.5,5172051.957,SELL,30000000.0,-0.47060926974319467,-0.2000000000000078,0.16666666666666666
2024-06-28 13:35:00,2024-06-28 13:40:00,5114377.0,5124605.754,SELL,30000000.0,-0.47283447260177863,-0.19999999999999463,0.08333333333333333
2024-06-28 13:40:00,2024-06-28 13:55:00,5126578.0,5087775.5,SELL,30000000.0,1.0925038827876459,0.7568889032801217,0.25
2024-06-30 07:05:00,2024-06-30 07:10:00,5107239.0,5117453.478,SELL,30000000.0,-0.46994663326881214,-0.20000000000000234,0.08333333333333333
2024-06-30 07:10:00,2024-06-30 07:45:00,5124710.5,5098856.0,SELL,30000000.0,0.6748817784966704,0.5045065472478885,0.5833333333333334
2024-07-01 02:00:00,2024-07-01 02:10:00,5293947.5,5272575.0,SELL,30000000.0,0.50735448769064,0.40371575275349825,0.16666666666666666
2024-07-02 14:10:00,2024-07-02 14:35:00,5178328.5,5167971.843,BUY,30000000.0,-0.46663287858775515,-0.19999999999999338,0.4166666666666667
2024-07-03 01:55:00,2024-07-03 02:35:00,5114418.5,5104189.663,BUY,30000000.0,-0.46882054941291124,-0.20000000000000567,0.6666666666666666
2024-07-03 02:40:00,2024-07-03 03:10:00,5084580.0,5077827.357142857,BUY,30000000.0,-0.3618903218493019,-0.1328063056760386,0.5
2024-07-03 03:10:00,2024-07-03 03:50:00,5047188.5,5064120.5,BUY,30000000.0,0.4001559975851202,0.3354738979929123,0.6666666666666666
2024-07-03 11:30:00,2024-07-03 11:45:00,4991993.5,5010378.0,BUY,30000000.0,0.4518259719385082,0.36827972632576544,0.25
2024-07-04 01:45:00,2024-07-04 01:50:00,4919783.5,4909943.933,BUY,30000000.0,-0.46873759372154783,-0.19999999999999607,0.08333333333333333
2024-07-04 01:50:00,2024-07-04 01:55:00,4891480.5,4881697.539,BUY,30000000.0,-0.4709450904060778,-0.20000000000000262,0.08333333333333333
2024-07-05 02:50:00,2024-07-05 02:55:00,4675473.0,4666122.054,BUY,30000000.0,-0.47317347766827206,-0.2000000000000099,0.08333333333333333
2024-07-05 02:55:00,2024-07-05 03:05:00,4626710.5,4617457.079,BUY,30000000.0,-0.4754230534639712,-0.2000000000000019,0.16666666666666666
2024-07-06 16:25:00,2024-07-06 16:35:00,4793914.0,4803501.828,SELL,30000000.0,-0.4776941214423384,-0.1999999999999947,0.16666666666666666
2024-07-08 14:30:00,2024-07-08 14:35:00,4592805.0,4699821.05,BUY,30000000.0,3.7076188283635765,2.3300804192644757,0.08333333333333333
2024-07-10 04:05:00,2024-07-10 04:20:00,4873137.5,4882883.775,SELL,30000000.0,-0.4628271254369735,-0.20000000000000764,0.25
2024-07-11 14:20:00,2024-07-11 14:35:00,4777853.5,4825138.6,BUY,30000000.0,1.4425136406038812,0.9896724543772559,0.25
2024-07-13 22:55:00,2024-07-13 23:10:00,4935595.0,4945466.19,SELL,30000000.0,-0.45836716628959784,-0.20000000000000828,0.25
2024-07-14 21:20:00,2024-07-14 21:45:00,5052749.5,5062854.999,SELL,30000000.0,-0.46047784554158,-0.19999999999999676,0.4166666666666667
2024-07-20 17:15:00,2024-07-20 18:00:00,5592457.0,5582787.5,SELL,30000000.0,0.13224614125361342,0.17290253639858116,0.75
2024-07-21 16:50:00,2024-07-21 17:25:00,5609057.0,5588846.5,SELL,30000000.0,0.43064346323687197,0.36031903401944393,0.5833333333333334
2024-07-21 17:50:00,2024-07-21 18:00:00,5534481.5,5523412.537,BUY,30000000.0,-0.4600160507747123,-0.2000000000000082,0.16666666666666666
2024-07-23 15:25:00,2024-07-23 16:00:00,5514188.0,5530456.0,BUY,30000000.0,0.3267196725995737,0.29502077187067255,0.5833333333333334
2024-07-24 15:20:00,2024-07-24 16:05:00,5496384.5,5486549.0,BUY,30000000.0,-0.4271930012484906,-0.17894490460046963,0.75
2024-07-25 14:35:00,2024-07-25 14:55:00,5366572.5,5377305.645,SELL,30000000.0,-0.4626132377718696,-0.19999999999999168,0.3333333333333333
2024-07-26 14:25:00,2024-07-26 14:30:00,5579592.0,5568432.816,BUY,30000000.0,-0.4647632942956092,-0.20000000000000642,0.08333333333333333
2024-07-27 13:10:00,2024-07-27 13:40:00,5715712.0,5727143.424,SELL,30000000.0,-0.4669334294846294,-0.19999999999999388,0.5
2024-07-29 02:15:00,2024-07-29 02:20:00,5737956.0,5749431.912,SELL,30000000.0,-0.46912392592045987,-0.19999999999999207,0.08333333333333333
2024-07-29 02:20:00,2024-07-29 02:30:00,5749742.0,5761241.484,SELL,30000000.0,-0.47133507151219556,-0.200000000000003,0.16666666666666666
2024-07-29 14:50:00,2024-07-29 15:05:00,5667613.5,5656278.273,BUY,30000000.0,-0.4735671596226551,-0.19999999999999923,0.25
2024-07-29 16:25:00,2024-07-29 16:40:00,5590216.0,5579035.568,BUY,30000000.0,-0.47582048919825604,-0.2000000000000005,0.25
2024-08-03 19:15:00,2024-08-03 19:45:00,4985851.5,5026687.5,BUY,30000000.0,1.2018948693694913,0.8190376307838291,0.5
2024-08-04 14:35:00,2024-08-04 15:00:00,4953938.0,4944030.124,BUY,30000000.0,-0.4724174043573932,-0.2000000000000033,0.4166666666666667
2024-08-04 17:40:00,2024-08-04 17:45:00,4761751.5,4829637.2,BUY,30000000.0,2.186128410143314,1.425645584403138,0.08333333333333333
2024-08-05 01:05:00,2024-08-05 01:10:00,4544208.5,4535120.083,BUY,30000000.0,-0.4645051017721067,-0.20000000000000803,0.08333333333333333
2024-08-05 01:10:00,2024-08-05 01:15:00,4474322.5,4642567.65,BUY,30000000.0,5.906207106939401,3.7602374437694284,0.08333333333333333
2024-08-05 06:20:00,2024-08-05 06:25:00,4095344.5,4301234.3,BUY,30000000.0,7.502264579471785,5.0274110029082975,0.08333333333333333
2024-08-08 12:30:00,2024-08-08 12:40:00,4845747.5,4775060.55,SELL,30000000.0,1.9346261349604432,1.4587419175266598,0.16666666666666666
2024-08-08 13:45:00,2024-08-08 14:00:00,4730543.5,4772794.65,BUY,30000000.0,1.1136631501354657,0.8931563571923685,0.25
2024-08-08 14:25:00,2024-08-08 14:45:00,4828359.0,4838015.718,SELL,30000000.0,-0.39768746458388154,-0.20000000000000712,0.3333333333333333
2024-08-08 22:50:00,2024-08-08 22:55:00,5142597.0,5152882.194,SELL,30000000.0,-0.39927533253052494,-0.20000000000000262,0.08333333333333333
2024-08-08 22:55:00,2024-08-08 23:25:00,5173514.5,5142804.5,SELL,30000000.0,0.6961422685817341,0.5936003465342563,0.5
2024-08-14 13:40:00,2024-08-14 13:45:00,4991703.0,4981719.594,BUY,30000000.0,-0.3981045571425988,-0.2000000000000085,0.08333333333333333
2024-08-14 13:45:00,2024-08-14 13:50:00,4974148.5,4964200.203,BUY,30000000.0,-0.3996957641945585,-0.2000000000000051,0.08333333333333333
2024-08-16 13:15:00,2024-08-16 13:30:00,4867659.5,4877394.819,SELL,30000000.0,-0.40129974226611664,-0.20000000000000273,0.25
2024-08-18 02:55:00,2024-08-18 03:05:00,4990250.5,4955473.5,SELL,30000000.0,0.843205732024392,0.6968988831322195,0.16666666666666666
2024-08-20 14:15:00,2024-08-20 14:35:00,4987470.0,4977495.06,BUY,30000000.0,-0.39954763714837077,-0.2000000000000082,0.3333333333333333
2024-08-20 15:00:00,2024-08-20 15:05:00,4903930.5,4894122.639,BUY,30000000.0,-0.4011504241896076,-0.1999999999999912,0.08333333333333333
2024-08-23 14:05:00,2024-08-23 14:10:00,5126412.0,5136664.824,SELL,30000000.0,-0.40276612219730695,-0.20000000000000043,0.08333333333333333
2024-08-23 14:10:00,2024-08-23 14:15:00,5153470.0,5088696.8,SELL,30000000.0,1.6271806760919765,1.256885166693513,0.08333333333333333
2024-08-23 14:45:00,2024-08-23 15:00:00,5046607.5,5095610.7,BUY,30000000.0,1.2088709816147962,0.9710127050696965,0.25
2024-08-25 23:10:00,2024-08-25 23:35:00,5381222.0,5354454.5,SELL,30000000.0,0.552364822908951,0.49742419101088936,0.4166666666666667
2024-08-27 21:45:00,2024-08-27 22:05:00,4995894.5,4985902.711,BUY,30000000.0,-0.3910073399830949,-0.19999999999999746,0.3333333333333333
2024-08-27 22:10:00,2024-08-27 22:15:00,4834916.0,4989362.4,BUY,30000000.0,4.202092278737152,3.1943967589095728,0.08333333333333333
2024-08-30 14:55:00,2024-08-30 15:15:00,4851599.0,4841895.802,BUY,30000000.0,-0.3767124059103559,-0.1999999999999971,0.3333333333333333
2024-09-01 05:20:00,2024-09-01 05:30:00,4816988.0,4807354.024,BUY,30000000.0,-0.378136894503272,-0.19999999999999568,0.16666666666666666
2024-09-04 01:00:00,2024-09-04 01:05:00,4618410.5,4757970.85,BUY,30000000.0,3.8373786428648025,3.02182644873165,0.08333333333333333
2024-09-04 14:45:00,2024-09-04 14:50:00,4752704.5,4762209.909,SELL,30000000.0,-0.3655448567581637,-0.1999999999999997,0.08333333333333333
2024-09-04 15:45:00,2024-09-04 15:50:00,4807899.5,4817515.299,SELL,30000000.0,-0.36688598962338953,-0.1999999999999927,0.08333333333333333
2024-09-06 07:20:00,2024-09-06 07:40:00,4594963.0,4638073.2,BUY,30000000.0,1.0770368403445563,0.9382055959971862,0.3333333333333333
2024-09-06 13:40:00,2024-09-06 13:55:00,4656922.5,4647608.655,BUY,30000000.0,-0.36431321207518064,-0.1999999999999944,0.25
2024-09-06 15:15:00,2024-09-06 15:20:00,4469799.0,4531845.65,BUY,30000000.0,1.6367426888590344,1.3881306519599734,0.08333333333333333
2024-09-09 16:10:00,2024-09-09 16:20:00,4640530.0,4649811.06,SELL,30000000.0,-0.359757009681504,-0.19999999999999116,0.16666666666666666
2024-09-11 15:40:00,2024-09-11 16:30:00,4722077.5,4716641.0,SELL,30000000.0,0.03128663053457331,0.11512941073076417,0.8333333333333334
2024-09-13 13:40:00,2024-09-13 14:05:00,4821843.5,4831487.187,SELL,30000000.0,-0.36094300680693236,-0.19999999999999832,0.4166666666666667
2024-09-13 15:20:00,2024-09-13 15:25:00,4882226.0,4891990.452,SELL,30000000.0,-0.3622505247431055,-0.19999999999999146,0.08333333333333333
2024-09-13 15:25:00,2024-09-13 15:30:00,4899324.0,4909122.648,SELL,30000000.0,-0.3635675501011544,-0.20000000000000093,0.08333333333333333
2024-09-13 15:30:00,2024-09-13 15:45:00,4934391.5,4944260.283,SELL,30000000.0,-0.3648941869571303,-0.19999999999999635,0.25
2024-09-15 14:15:00,2024-09-15 14:30:00,4969251.5,4990250.5,BUY,30000000.0,0.4200016864617178,0.4225787324308299,0.25
2024-09-16 13:40:00,2024-09-16 13:50:00,4821719.0,4854296.5,BUY,30000000.0,0.7364913470084785,0.6756407828826192,0.16666666666666666
2024-09-16 14:30:00,2024-09-16 15:05:00,4785655.5,4797483.0,BUY,30000000.0,0.196177684720611,0.24714482686854494,0.5833333333333334
2024-09-17 14:10:00,2024-09-17 14:15:00,4957797.5,4967713.095,SELL,30000000.0,-0.36132362572248267,-0.19999999999999477,0.08333333333333333
2024-09-17 14:15:00,2024-09-17 14:20:00,4975850.0,4985801.7,SELL,30000000.0,-0.36263390770591597,-0.20000000000000373,0.08333333333333333
2024-09-17 15:05:00,2024-09-17 15:10:00,5051172.5,5061274.845,SELL,30000000.0,-0.3639537273295614,-0.19999999999999485,0.08333333333333333
2024-09-18 18:30:00,2024-09-18 18:40:00,5073458.0,5011083.5,SELL,30000000.0,1.4352199945478854,1.2294277394234858,0.16666666666666666
2024-09-22 03:10:00,2024-09-22 03:35:00,5243857.0,5234229.0,SELL,30000000.0,0.11623673624304239,0.18360531189160956,0.4166666666666667
2024-09-23 00:10:00,2024-09-23 00:15:00,5233440.5,5222973.619,BUY,30000000.0,-0.35969665056627836,-0.200000000000001,0.08333333333333333
2024-09-23 00:15:00,2024-09-23 00:25:00,5215305.0,5255120.1,BUY,30000000.0,0.8382904934170949,0.7634280257818024,0.16666666666666666
2024-09-26 10:30:00,2024-09-26 11:25:00,5346113.0,5340178.5,SELL,30000000.0,0.025930974912513626,0.11100588408812159,0.9166666666666666
2024-09-26 15:30:00,2024-09-26 16:15:00,5427245.5,5417949.5,SELL,30000000.0,0.10031595963362724,0.1712839413658365,0.75
2024-09-30 00:25:00,2024-09-30 00:45:00,5413758.0,5426996.5,BUY,30000000.0,0.19052631454106023,0.24453438812743386,0.3333333333333333
2024-09-30 10:05:00,2024-09-30 10:25:00,5254315.0,5279920.5,BUY,30000000.0,0.4889305560807511,0.48732327620251165,0.3333333333333333
2024-10-01 13:35:00,2024-10-01 13:50:00,5215014.5,5204584.471,BUY,30000000.0,-0.3551263890036268,-0.20000000000000187,0.25
2024-10-01 15:00:00,2024-10-01 15:05:00,5157952.0,5147636.096,BUY,30000000.0,-0.35639203115456264,-0.20000000000000187,0.08333333333333333
2024-10-01 15:05:00,2024-10-01 15:25:00,5141642.5,5177208.0,BUY,30000000.0,0.7421149936820935,0.6917147584648291,0.3333333333333333
2024-10-01 16:30:00,2024-10-01 16:40:00,5161230.5,5150908.039,BUY,30000000.0,-0.3550319813016037,-0.20000000000000243,0.16666666666666666
2024-10-02 12:05:00,2024-10-02 12:30:00,5065075.0,5073126.0,BUY,30000000.0,0.08471420638369681,0.15895124948791478,0.4166666666666667
2024-10-04 15:05:00,2024-10-04 15:55:00,5120726.5,5130967.953,SELL,30000000.0,-0.35599537076733095,-0.19999999999999507,0.8333333333333334
2024-10-06 16:00:00,2024-10-06 16:25:00,5216757.5,5204017.0,SELL,30000000.0,0.18999543077777278,0.2442225846227278,0.4166666666666667
2024-10-07 00:45:00,2024-10-07 01:00:00,5276683.5,5287236.867,SELL,30000000.0,-0.35658972137432626,-0.1999999999999928,0.25
2024-10-08 15:30:00,2024-10-08 15:45:00,5140812.5,5179191.7,BUY,30000000.0,0.8102070531093993,0.7465590312815374,0.25
2024-10-09 16:15:00,2024-10-09 16:30:00,5137160.5,5126886.179,BUY,30000000.0,-0.3549896827081422,-0.20000000000000898,0.25
2024-10-10 12:35:00,2024-10-10 13:10:00,5051297.0,5064950.5,BUY,30000000.0,0.22148813914875096,0.27029691582181764,0.5833333333333334
2024-10-10 13:20:00,2024-10-10 13:30:00,5084040.5,5059265.0,SELL,30000000.0,0.48701323521269146,0.4873190919702548,0.16666666666666666
2024-10-12 12:55:00,2024-10-12 13:35:00,5232486.0,5230286.5,SELL,30000000.0,-0.05850750780544582,0.04203546841788015,0.6666666666666666
2024-10-13 02:10:00,2024-10-13 02:30:00,5206175.0,5215886.0,BUY,30000000.0,0.11781514085710133,0.18652849740932642,0.3333333333333333
2024-10-13 16:15:00,2024-10-13 16:30:00,5183474.5,5193841.449,SELL,30000000.0,-0.3535348208195913,-0.20000000000000043,0.25
2024-10-13 16:30:00,2024-10-13 17:10:00,5198082.5,5208478.665,SELL,30000000.0,-0.3547891239131052,-0.2000000000000007,0.6666666666666666
2024-10-14 14:25:00,2024-10-14 14:45:00,5483561.0,5494528.122,SELL,30000000.0,-0.3560523589581337,-0.20000000000000803,0.3333333333333333
2024-10-15 13:40:00,2024-10-15 13:45:00,5514354.0,5525382.708,SELL,30000000.0,-0.3573246217028269,-0.19999999999999338,0.08333333333333333
2024-10-15 13:45:00,2024-10-15 13:50:00,5545852.5,5556944.205,SELL,30000000.0,-0.3586060092688602,-0.20000000000000134,0.08333333333333333
2024-10-15 13:50:00,2024-10-15 13:55:00,5585028.5,5596198.557,SELL,30000000.0,-0.35989662017596574,-0.2000000000000005,0.08333333333333333
2024-10-15 14:35:00,2024-10-15 14:40:00,5469451.0,5458512.098,BUY,30000000.0,-0.36119655436731996,-0.1999999999999958,0.08333333333333333
2024-10-18 15:25:00,2024-10-18 15:40:00,5699568.5,5710967.637,SELL,30000000.0,-0.3625059132353112,-0.20000000000000182,0.25
2024-10-21 00:15:00,2024-10-21 00:45:00,5760449.0,5746712.5,SELL,30000000.0,0.18625610951308028,0.23846231430917972,0.5
2024-10-23 09:05:00,2024-10-23 09:10:00,5507672.5,5496657.155,BUY,30000000.0,-0.3631484135410229,-0.19999999999999526,0.08333333333333333
2024-10-23 09:10:00,2024-10-23 09:35:00,5495762.0,5521160.0,BUY,30000000.0,0.4677029177198087,0.46213791645271396,0.4166666666666667
2024-10-25 15:50:00,2024-10-25 16:10:00,5598682.0,5634886.6,BUY,30000000.0,0.6963570409209567,0.6466629110208372,0.3333333333333333
2024-10-30 13:40:00,2024-10-30 13:50:00,5937529.5,5976456.5,BUY,30000000.0,0.7026556203212962,0.6556093742355301,0.16666666666666666
2024-10-31 13:45:00,2024-10-31 14:00:00,5932259.0,5920394.482,BUY,30000000.0,-0.35775276592112526,-0.20000000000000265,0.25
2024-10-31 14:00:00,2024-10-31 14:15:00,5886650.5,5929964.05,BUY,30000000.0,0.7995298474857292,0.7357927908239127,0.25
2024-11-01 13:35:00,2024-11-01 13:55:00,5878350.5,5890107.201,SELL,30000000.0,-0.35618939105263425,-0.20000000000000595,0.3333333333333333
2024-11-01 15:35:00,2024-11-01 15:45:00,5815187.5,5803557.125,BUY,30000000.0,-0.357462635035601,-0.2,0.16666666666666666
2024-11-01 15:45:00,2024-11-01 16:05:00,5758540.0,5811481.55,BUY,30000000.0,1.0259577502001413,0.9193571634476763,0.3333333333333333
2024-11-01 17:05:00,2024-11-01 17:15:00,5780742.5,5821371.0,BUY,30000000.0,0.7503974184623355,0.7028249398758031,0.16666666666666666
2024-11-03 02:20:00,2024-11-03 02:30:00,5674212.0,5662863.576,BUY,30000000.0,-0.35245699160986294,-0.19999999999999385,0.16666666666666666
2024-11-03 15:50:00,2024-11-03 16:05:00,5659687.0,5671006.374,SELL,30000000.0,-0.35370364483566913,-0.1999999999999971,0.25
2024-11-05 14:30:00,2024-11-05 14:40:00,5789748.0,5801327.496,SELL,30000000.0,-0.3549591482808254,-0.20000000000000479,0.16666666666666666
2024-11-05 15:25:00,2024-11-05 15:55:00,5759826.5,5779248.5,BUY,30000000.0,0.30364702895357115,0.33719765690858916,0.5
2024-11-05 16:30:00,2024-11-05 16:45:00,5845565.5,5809348.45,SELL,30000000.0,0.6485251826684612,0.6195645228849084,0.25
2024-11-06 02:15:00,2024-11-06 02:25:00,5974506.0,5986455.012,SELL,30000000.0,-0.3528568431637979,-0.20000000000000173,0.16666666666666666
2024-11-06 03:00:00,2024-11-06 03:05:00,6138887.5,6151165.275,SELL,30000000.0,-0.3541063315868838,-0.20000000000000606,0.08333333333333333
2024-11-08 15:20:00,2024-11-08 15:45:00,6339166.5,6317088.5,SELL,30000000.0,0.316494205767816,0.3482792256679171,0.4166666666666667
2024-11-08 16:30:00,2024-11-08 17:00:00,6298455.0,6314391.0,BUY,30000000.0,0.19912692652753758,0.25301442972919547,0.5
2024-11-10 04:50:00,2024-11-10 05:25:00,6584141.0,6597309.282,SELL,30000000.0,-0.3535395477769086,-0.1999999999999948,0.5833333333333334
2024-11-11 15:15:00,2024-11-11 15:25:00,6920457.0,6934297.914,SELL,30000000.0,-0.35479388447161375,-0.19999999999999818,0.16666666666666666
2024-11-13 14:30:00,2024-11-13 14:50:00,7543911.5,7558999.323,SELL,30000000.0,-0.3560571534773752,-0.19999999999999815,0.3333333333333333
2024-11-13 15:45:00,2024-11-13 16:10:00,7691361.0,7706743.722,SELL,30000000.0,-0.3573294505475344,-0.20000000000000087,0.4166666666666667
2024-11-16 13:05:00,2024-11-16 13:25:00,7565699.0,7550842.0,SELL,30000000.0,0.13153986659248093,0.1963731308898226,0.3333333333333333
2024-11-24 12:30:00,2024-11-24 12:40:00,8046850.0,8030756.3,BUY,30000000.0,-0.3581397762250871,-0.20000000000000231,0.16666666666666666
2024-11-24 12:40:00,2024-11-24 13:00:00,8025436.0,8062246.5,BUY,30000000.0,0.4569344977494912,0.45867289951598894,0.3333333333333333
2024-11-24 14:10:00,2024-11-24 14:35:00,8032117.5,8054403.0,BUY,30000000.0,0.2312754347033026,0.27745485545997056,0.4166666666666667
2024-11-25 14:45:00,2024-11-25 14:55:00,7990161.0,7974180.678,BUY,30000000.0,-0.3569665756062133,-0.19999999999999618,0.16666666666666666
2024-11-25 14:55:00,2024-11-25 15:05:00,7920897.5,7905055.705,BUY,30000000.0,-0.3582453919139993,-0.19999999999999904,0.16666666666666666
2024-11-25 17:10:00,2024-11-25 17:30:00,7895292.0,7931397.0,BUY,30000000.0,0.4553649780110629,0.4572978428156932,0.3333333333333333
2024-11-29 17:05:00,2024-11-29 17:15:00,8085030.0,8068859.94,BUY,30000000.0,-0.35790363595222063,-0.19999999999999493,0.16666666666666666
2024-12-01 02:35:00,2024-12-01 03:05:00,7958330.5,7968830.0,BUY,30000000.0,0.05193496270346074,0.13193093702253256,0.5
2024-12-04 14:35:00,2024-12-04 14:55:00,8009375.5,7958081.5,SELL,30000000.0,0.6813927233317764,0.6404244625564128,0.3333333333333333
2024-12-04 16:00:00,2024-12-04 16:05:00,7935920.5,7920048.659,BUY,30000000.0,-0.3565730761797079,-0.20000000000000018,0.08333333333333333
2024-12-04 16:05:00,2024-12-04 16:15:00,7917079.5,7901245.341,BUY,30000000.0,-0.3578490696153152,-0.19999999999999984,0.16666666666666666
2024-12-05 02:40:00,2024-12-05 03:00:00,8449068.0,8465966.136,SELL,30000000.0,-0.3591342281092738,-0.19999999999999932,0.3333333333333333
2024-12-05 22:25:00,2024-12-05 22:30:00,7809304.0,8132049.5,BUY,30000000.0,5.024665092271328,4.1328330924241135,0.08333333333333333
2024-12-06 14:25:00,2024-12-06 14:55:00,8241941.5,8258425.383,SELL,30000000.0,-0.34318476564092665,-0.2000000000000046,0.5
2024-12-09 00:30:00,2024-12-09 01:05:00,8264600.5,8288380.0,BUY,30000000.0,0.23479525673470772,0.28772715632171214,0.5833333333333334
2024-12-11 14:45:00,2024-12-11 14:55:00,8232687.0,8249152.374,SELL,30000000.0,-0.3435599168900634,-0.199999999999998,0.16666666666666666
2024-12-12 14:20:00,2024-12-12 14:35:00,8414540.0,8375488.5,SELL,30000000.0,0.444714802574869,0.4640954823436575,0.25
2024-12-12 16:00:00,2024-12-12 16:15:00,8484550.5,8501519.601,SELL,30000000.0,-0.3432179790321365,-0.19999999999999754,0.25
2024-12-13 15:50:00,2024-12-13 16:20:00,8298838.0,8327680.5,BUY,30000000.0,0.3058612518190004,0.3475486568119537,0.5
2024-12-13 16:30:00,2024-12-13 16:45:00,8361461.5,8378184.423,SELL,30000000.0,-0.343349847684599,-0.20000000000000498,0.25
2024-12-15 23:20:00,2024-12-15 23:35:00,8684912.5,8702282.325,SELL,30000000.0,-0.3445328005304276,-0.1999999999999914,0.25
2024-12-16 00:30:00,2024-12-16 00:35:00,8819165.0,8836803.33,SELL,30000000.0,-0.34572393287848896,-0.20000000000000082,0.08333333333333333
2024-12-18 16:10:00,2024-12-18 16:15:00,8620006.5,8602766.487,BUY,30000000.0,-0.3469233298585517,-0.20000000000000312,0.08333333333333333
2024-12-18 16:15:00,2024-12-18 16:40:00,8592907.0,8641213.0,BUY,30000000.0,0.566807005448398,0.5621613267780042,0.4166666666666667
2024-12-18 19:55:00,2024-12-18 20:00:00,8532400.0,8515335.2,BUY,30000000.0,-0.34616896782556195,-0.20000000000000873,0.08333333333333333
2024-12-18 20:00:00,2024-12-18 20:05:00,8486169.0,8469196.662,BUY,30000000.0,-0.34737146002322783,-0.19999999999999438,0.08333333333333333
2024-12-19 17:15:00,2024-12-19 17:25:00,8280661.0,8264099.678,BUY,30000000.0,-0.3485823355716886,-0.19999999999999632,0.16666666666666666
2024-12-21 07:40:00,2024-12-21 08:00:00,8252731.5,8193345.0,SELL,30000000.0,0.7594292364757177,0.7195981112435319,0.3333333333333333
2024-12-25 11:55:00,2024-12-25 12:25:00,8122753.5,8143794.0,BUY,30000000.0,0.202351371251204,0.25903162025044835,0.5
2024-12-25 12:40:00,2024-12-25 12:55:00,8176247.0,8145661.5,SELL,30000000.0,0.33938849410562216,0.3740774954572679,0.25
2024-12-29 16:05:00,2024-12-29 16:15:00,7824161.0,7808512.678,BUY,30000000.0,-0.345292251258409,-0.1999999999999961,0.16666666666666666
2024-12-31 15:05:00,2024-12-31 15:25:00,7883091.0,7931189.5,BUY,30000000.0,0.6214664867154178,0.6101477199743095,0.3333333333333333
2025-01-03 16:20:00,2025-01-03 16:50:00,8161224.0,8112918.0,SELL,30000000.0,0.5959564816512825,0.5918965096412009,0.5
2025-01-06 14:50:00,2025-01-06 15:10:00,8381423.0,8398185.846,SELL,30000000.0,-0.34230862787760286,-0.20000000000000995,0.3333333333333333
2025-01-07 15:00:00,2025-01-07 15:05:00,8255761.0,8239249.478,BUY,30000000.0,-0.3434844046300521,-0.19999999999999857,0.08333333333333333
2025-01-07 15:05:00,2025-01-07 15:10:00,8217622.5,8201187.255,BUY,30000000.0,-0.3446682864416883,-0.20000000000000134,0.08333333333333333
2025-01-10 13:35:00,2025-01-10 13:40:00,7706301.0,7832967.3,BUY,30000000.0,1.8529431047593963,1.6436718472325413,0.08333333333333333
2025-01-13 00:30:00,2025-01-13 01:00:00,7943598.0,7905667.0,SELL,30000000.0,0.4537382802399502,0.47750402273629655,0.5
2025-01-13 01:45:00,2025-01-13 02:25:00,7805486.0,7824617.5,BUY,30000000.0,0.18079399647334132,0.24510325173858488,0.6666666666666666
2025-01-14 14:30:00,2025-01-14 14:50:00,8050377.5,7998129.0,SELL,30000000.0,0.6504372411180316,0.6490192540660361,0.3333333333333333
2025-01-15 13:30:00,2025-01-15 13:45:00,8174919.0,8191268.838,SELL,30000000.0,-0.3352439620721097,-0.20000000000000556,0.25
2025-01-16 09:45:00,2025-01-16 10:40:00,8235924.0,8231732.5,SELL,30000000.0,-0.045360417891804714,0.05089289313500221,0.9166666666666666
2025-01-16 14:45:00,2025-01-16 15:15:00,8096650.0,8142051.0,BUY,30000000.0,0.5462579061939554,0.5607380830343414,0.5
2025-01-16 15:55:00,2025-01-16 16:05:00,8238414.0,8254890.828,SELL,30000000.0,-0.3346959732464386,-0.19999999999999693,0.16666666666666666
2025-01-17 15:05:00,2025-01-17 15:45:00,8641379.0,8619591.5,SELL,30000000.0,0.1877463926398777,0.25212989732310087,0.6666666666666666
2025-01-17 16:15:00,2025-01-17 16:35:00,8678397.0,8695753.794,SELL,30000000.0,-0.3351906407569254,-0.19999999999999726,0.3333333333333333
2025-01-18 04:20:00,2025-01-18 04:30:00,8531819.0,8578025.1,BUY,30000000.0,0.5236978885233244,0.5415738425768247,0.16666666666666666
2025-01-19 21:25:00,2025-01-19 21:45:00,8665241.5,8647911.016999999,BUY,30000000.0,-0.334565832836316,-0.20000000000001084,0.3333333333333333
2025-01-21 16:05:00,2025-01-21 16:10:00,8720934.5,8738376.369,SELL,30000000.0,-0.3356889333117891,-0.20000000000001006,0.08333333333333333
2025-01-21 16:10:00,2025-01-21 16:25:00,8801195.5,8696470.25,SELL,30000000.0,1.2774731266237849,1.1898980087421078,0.25
2025-01-23 14:30:00,2025-01-23 14:35:00,8636565.0,8653838.13,SELL,30000000.0,-0.33257109309114935,-0.2000000000000095,0.08333333333333333
2025-01-23 14:35:00,2025-01-23 14:40:00,8686780.0,8704153.56,SELL,30000000.0,-0.3336808190384571,-0.20000000000000598,0.08333333333333333
2025-01-23 16:10:00,2025-01-23 16:15:00,8836429.0,8738559.55,SELL,30000000.0,1.1747574786750314,1.107567887435063,0.08333333333333333
2025-01-23 17:00:00,2025-01-23 17:25:00,8684829.5,8733965.5,BUY,30000000.0,0.5428852310714022,0.5657681592943189,0.4166666666666667
2025-01-24 14:40:00,2025-01-24 14:50:00,8815845.0,8740817.15,SELL,30000000.0,0.8637307692576569,0.8510568187167494,0.16666666666666666
2025-01-26 22:40:00,2025-01-26 22:50:00,8686697.0,8652916.0,SELL,30000000.0,0.3362993479385881,0.3888819881711081,0.16666666666666666
2025-01-26 23:00:00,2025-01-26 23:05:00,8620421.5,8603180.657,BUY,30000000.0,-0.32521172912530183,-0.200000000000004,0.08333333333333333
2025-01-26 23:05:00,2025-01-26 23:15:00,8580083.5,8562923.333,BUY,30000000.0,-0.3262728065611732,-0.1999999999999934,0.16666666666666666
2025-01-27 00:45:00,2025-01-27 00:50:00,8479902.5,8462942.695,BUY,30000000.0,-0.32734083067644537,-0.1999999999999965,0.08333333333333333
2025-01-30 14:45:00,2025-01-30 14:50:00,8776876.5,8794430.253,SELL,30000000.0,-0.3284158699131025,-0.2000000000000056,0.08333333333333333
2025-01-30 14:50:00,2025-01-30 15:25:00,8797958.5,8752723.5,SELL,30000000.0,0.4819230481193849,0.5141533686479652,0.5833333333333334
2025-01-31 15:35:00,2025-01-31 16:05:00,8780860.5,8742514.5,SELL,30000000.0,0.3920310141851989,0.43669979724652275,0.5
2025-01-31 16:25:00,2025-01-31 16:55:00,8695578.0,8718444.5,BUY,30000000.0,0.19481878637641195,0.26296699310845123,0.5
2025-02-03 15:20:00,2025-02-03 15:25:00,8121674.5,8137917.849,SELL,30000000.0,-0.32600205049922565,-0.20000000000000487,0.08333333333333333
2025-02-04 15:15:00,2025-02-04 15:30:00,8187784.0,8251262.4,BUY,30000000.0,0.7728757122329588,0.7752818100721804,0.25
2025-02-09 22:40:00,2025-02-09 22:50:00,7997091.5,7940435.7,SELL,30000000.0,0.6921575429191115,0.7084550676955468,0.16666666666666666
2025-02-12 16:50:00,2025-02-12 16:55:00,8005059.5,8021069.619,SELL,30000000.0,-0.32232883224259345,-0.19999999999999934,0.08333333333333333
2025-02-12 16:55:00,2025-02-12 17:00:00,8045314.5,8061405.129,SELL,30000000.0,-0.3233711506964397,-0.19999999999999657,0.08333333333333333
2025-02-14 16:55:00,2025-02-14 17:40:00,8103041.0,8110783.714285715,SELL,30000000.0,-0.20757658436661963,-0.09555319152049893,0.75
2025-02-14 17:45:00,2025-02-14 17:50:00,8166328.5,8182661.157,SELL,30000000.0,-0.32509505334185507,-0.1999999999999958,0.08333333333333333
2025-02-19 15:30:00,2025-02-19 15:55:00,7996427.5,7959285.0,SELL,30000000.0,0.42117755566614556,0.46448867322313625,0.4166666666666667
2025-02-20 14:50:00,2025-02-20 15:30:00,8054278.5,8061499.5,BUY,30000000.0,-0.00038726648755613196,0.08965421297512868,0.6666666666666666
2025-02-21 13:05:00,2025-02-21 13:35:00,8241983.0,8247372.071428572,SELL,30000000.0,-0.17402583319421544,-0.06538561689064182,0.5
2025-02-21 14:35:00,2025-02-21 15:00:00,8164170.5,8223640.0,BUY,30000000.0,0.7162526513066478,0.7284206031708916,0.4166666666666667
2025-02-24 01:40:00,2025-02-24 02:05:00,7952603.5,7975968.0,BUY,30000000.0,0.22701643271422542,0.2937968679062146,0.4166666666666667
2025-02-26 14:00:00,2025-02-26 14:05:00,7194191.0,7179802.618,BUY,30000000.0,-0.3223094100829976,-0.200000000000003,0.08333333333333333
2025-02-26 14:05:00,2025-02-26 14:15:00,7169498.5,7155159.503,BUY,30000000.0,-0.3233516027262419,-0.20000000000000612,0.16666666666666666
2025-02-26 16:05:00,2025-02-26 16:10:00,7236438.0,7221965.124,BUY,30000000.0,-0.3244005571269604,-0.20000000000000226,0.08333333333333333
2025-02-26 16:10:00,2025-02-26 16:15:00,7209006.5,7194588.487,BUY,30000000.0,-0.3254563393048721,-0.20000000000000373,0.08333333333333333
2025-03-02 15:25:00,2025-03-02 15:30:00,7169332.5,7183671.165,SELL,30000000.0,-0.32651901614193835,-0.2000000000000005,0.08333333333333333
2025-03-02 15:30:00,2025-03-02 15:35:00,7259055.5,7273573.611,SELL,30000000.0,-0.32758865539652443,-0.19999999999999407,0.08333333333333333
2025-03-02 15:35:00,2025-03-02 15:45:00,7309312.0,7161742.15,SELL,30000000.0,2.186111084338185,2.018929414970925,0.16666666666666666
2025-03-02 16:35:00,2025-03-02 16:45:00,7600642.0,7425458.05,SELL,30000000.0,2.4564603829560543,2.3048572738987074,0.16666666666666666
2025-03-04 14:35:00,2025-03-04 14:40:00,7018480.0,6902188.7,SELL,30000000.0,1.696189083723626,1.6569299905392594,0.08333333333333333
2025-03-05 13:10:00,2025-03-05 13:40:00,7444104.0,7429215.792,BUY,30000000.0,-0.30868675132874773,-0.1999999999999951,0.5
2025-03-07 01:40:00,2025-03-07 01:50:00,7358240.5,7244999.45,SELL,30000000.0,1.547112193571609,1.5389691326343549,0.16666666666666666
2025-03-07 13:35:00,2025-03-07 13:50:00,7479379.0,7437381.0,SELL,30000000.0,0.4957841552646749,0.5615172061744699,0.25
2025-03-07 16:20:00,2025-03-07 16:25:00,7282876.5,7268310.747,BUY,30000000.0,-0.30342073248168044,-0.199999999999994,0.08333333333333333
2025-03-09 13:55:00,2025-03-09 14:10:00,6928508.0,6914650.984,BUY,30000000.0,-0.30434417580918977,-0.19999999999999754,0.25
2025-03-10 09:15:00,2025-03-10 09:20:00,6894768.5,6908558.0370000005,SELL,30000000.0,-0.3052732571877535,-0.2000000000000069,0.08333333333333333
2025-03-10 09:20:00,2025-03-10 09:25:00,6940875.0,6811523.65,SELL,30000000.0,1.8727443745667678,1.8636173393124011,0.08333333333333333
2025-03-12 13:50:00,2025-03-12 14:10:00,6862315.5,6848590.869,BUY,30000000.0,-0.3005789529768388,-0.20000000000000073,0.3333333333333333
2025-03-12 14:35:00,2025-03-12 14:55:00,6780602.0,6767040.796,BUY,30000000.0,-0.30148515389579716,-0.19999999999999865,0.3333333333333333
2025-03-14 15:00:00,2025-03-14 15:10:00,6968638.5,6982575.777,SELL,30000000.0,-0.3023968354605594,-0.19999999999999665,0.16666666666666666
2025-03-14 16:30:00,2025-03-14 16:45:00,6979428.5,7010097.0,BUY,30000000.0,0.36545448651084744,0.4394127685382836,0.25
2025-03-16 11:00:00,2025-03-16 11:15:00,6913941.5,6900113.617,BUY,30000000.0,-0.302209608967205,-0.2000000000000055,0.25
2025-03-17 13:35:00,2025-03-17 13:45:00,6942991.5,6886095.0,SELL,30000000.0,0.7624980818233307,0.819481055104273,0.16666666666666666
2025-03-19 18:55:00,2025-03-19 19:05:00,7102849.5,7117055.199,SELL,30000000.0,-0.3008318468494858,-0.20000000000000032,0.16666666666666666
2025-03-25 14:40:00,2025-03-25 15:15:00,7312632.0,7293376.0,SELL,30000000.0,0.18034158817588566,0.263325161173159,0.5833333333333334
2025-03-29 10:50:00,2025-03-29 11:15:00,6887215.5,6873441.069,BUY,30000000.0,-0.3011963932283224,-0.19999999999999804,0.4166666666666667
2025-03-31 13:30:00,2025-03-31 13:50:00,6796953.0,6843101.0,BUY,30000000.0,0.6135376221766504,0.678951288908427,0.3333333333333333
2025-04-01 14:10:00,2025-04-01 14:35:00,6868955.5,6919585.5,BUY,30000000.0,0.669986942074363,0.7370844082480954,0.4166666666666667
2025-04-01 14:50:00,2025-04-01 15:10:00,6994451.5,7008440.403,SELL,30000000.0,-0.2982657518189032,-0.19999999999999904,0.3333333333333333
2025-04-02 13:45:00,2025-04-02 13:55:00,7143146.0,7068304.9,SELL,30000000.0,0.9879777030485974,1.0477330296762746,0.16666666666666666
2025-04-02 15:05:00,2025-04-02 15:30:00,7168336.5,7182673.173,SELL,30000000.0,-0.2962313382184092,-0.2000000000000058,0.4166666666666667
2025-04-05 13:20:00,2025-04-05 13:45:00,6864141.5,6850413.217,BUY,30000000.0,-0.29711147551832895,-0.1999999999999974,0.4166666666666667
2025-04-06 17:40:00,2025-04-06 17:50:00,6729183.5,6715725.133,BUY,30000000.0,-0.2979968583812607,-0.19999999999999438,0.16666666666666666
2025-04-10 14:30:00,2025-04-10 14:55:00,6771970.0,6742878.5,SELL,30000000.0,0.3499941681245891,0.4295869591861748,0.4166666666666667
2025-04-11 14:20:00,2025-04-11 14:25:00,6783465.5,6769898.569,BUY,30000000.0,-0.2978450933853137,-0.199999999999998,0.08333333333333333
2025-04-14 14:35:00,2025-04-14 15:00:00,7102310.0,7034831.0,SELL,30000000.0,0.8860057052780362,0.9500993338786958,0.4166666666666667
2025-04-19 16:45:00,2025-04-19 17:10:00,7026199.0,7047239.5,BUY,30000000.0,0.21387178253120462,0.29945778649309535,0.4166666666666667
2025-04-20 10:50:00,2025-04-20 11:20:00,6970630.5,6971739.142857143,BUY,30000000.0,-0.07549549916745955,0.015904484639412807,0.5
2025-04-21 00:30:00,2025-04-21 00:45:00,7200125.5,7202828.928571428,SELL,30000000.0,-0.1300550624828725,-0.037546964583161396,0.25
2025-04-22 01:15:00,2025-04-22 02:00:00,7332137.0,7346801.274,SELL,30000000.0,-0.29608766971779155,-0.20000000000000287,0.75
2025-04-22 13:05:00,2025-04-22 13:10:00,7420615.0,7435456.23,SELL,30000000.0,-0.29696695224653347,-0.20000000000000603,0.08333333333333333
2025-04-22 13:10:00,2025-04-22 13:40:00,7440867.0,7455748.734,SELL,30000000.0,-0.29785147268719026,-0.20000000000000231,0.5
2025-04-22 21:45:00,2025-04-22 21:50:00,7761869.5,7615059.1,SELL,30000000.0,1.8557302635194066,1.8914309239546012,0.08333333333333333
2025-04-23 15:15:00,2025-04-23 15:35:00,7654260.0,7691278.0,BUY,30000000.0,0.39810320113669445,0.48362611147256557,0.3333333333333333
2025-04-25 14:10:00,2025-04-25 14:25:00,7907700.5,7855867.0,SELL,30000000.0,0.5696453134567446,0.6554813248174991,0.25
